key,value,date
华润万象城开业两周年店庆活动,100,01/06/15 00:00
华润万象城开业两周年店庆活动,150,01/06/15 01:00
华润万象城开业两周年店庆活动,350,01/06/15 02:00
华润万象城开业两周年店庆活动,380,01/06/15 03:00
华润万象城开业两周年店庆活动,220,01/06/15 04:00
华润万象城开业两周年店庆活动,160,01/06/15 05:00
华润万象城开业两周年店庆活动,170,01/06/15 06:00
华润万象城开业两周年店庆活动,120,01/06/15 07:00
华润万象城开业两周年店庆活动,170,01/06/15 08:00
华润万象城开业两周年店庆活动,330,01/06/15 09:00
华润万象城开业两周年店庆活动,400,01/06/15 10:00
华润万象城开业两周年店庆活动,320,01/06/15 11:00
华润万象城开业两周年店庆活动,260,01/06/15 12:00
华润万象城开业两周年店庆活动,350,01/06/15 13:00
华润万象城开业两周年店庆活动,400,01/06/15 14:00
华润万象城开业两周年店庆活动,320,01/06/15 15:00
华润万象城开业两周年店庆活动,260,01/06/15 16:00
华润万象城开业两周年店庆活动,220,01/06/15 17:00
华润万象城开业两周年店庆活动,160,01/06/15 18:00
华润万象城开业两周年店庆活动,220,01/06/15 19:00
华润万象城开业两周年店庆活动,250,01/06/15 20:00
华润万象城开业两周年店庆活动,220,01/06/15 21:00
华润万象城开业两周年店庆活动,150,01/06/15 22:00
华润万象城开业两周年店庆活动,390,01/06/15 23:00
华润万象城开业两周年店庆活动,440,01/06/15 24:00
华润万象城年货采购节活动,350,01/06/15 00:00
华润万象城年货采购节活动,360,01/06/15 01:00
华润万象城年货采购节活动,370,01/06/15 02:00
华润万象城年货采购节活动,220,01/06/15 03:00
华润万象城年货采购节活动,240,01/06/15 04:00
华润万象城年货采购节活动,260,01/06/15 05:00
华润万象城年货采购节活动,340,01/06/15 06:00
华润万象城年货采购节活动,210,01/06/15 07:00
华润万象城年货采购节活动,180,01/06/15 08:00
华润万象城年货采购节活动,450,01/06/15 09:00
华润万象城年货采购节活动,320,01/06/15 10:00
华润万象城年货采购节活动,350,01/06/15 11:00
华润万象城年货采购节活动,300,01/06/15 12:00
华润万象城年货采购节活动,280,01/06/15 13:00
华润万象城年货采购节活动,270,01/06/15 14:00
华润万象城年货采购节活动,260,01/06/15 15:00
华润万象城年货采购节活动,150,01/06/15 16:00
华润万象城年货采购节活动,300,01/06/15 17:00
华润万象城年货采购节活动,350,01/06/15 18:00
华润万象城年货采购节活动,220,01/06/15 19:00
华润万象城年货采购节活动,220,01/06/15 20:00
华润万象城年货采购节活动,350,01/06/15 21:00
华润万象城年货采购节活动,300,01/06/15 22:00
华润万象城年货采购节活动,220,01/06/15 23:00
华润万象城年货采购节活动,320,01/06/15 24:00
华润万象城感恩送豪礼活动,210,01/06/15 00:00
华润万象城感恩送豪礼活动,250,01/06/15 01:00
华润万象城感恩送豪礼活动,270,01/06/15 02:00
华润万象城感恩送豪礼活动,230,01/06/15 03:00
华润万象城感恩送豪礼活动,240,01/06/15 04:00
华润万象城感恩送豪礼活动,110,01/06/15 05:00
华润万象城感恩送豪礼活动,200,01/06/15 06:00
华润万象城感恩送豪礼活动,290,01/06/15 07:00
华润万象城感恩送豪礼活动,300,01/06/15 08:00
华润万象城感恩送豪礼活动,360,01/06/15 09:00
华润万象城感恩送豪礼活动,330,01/06/15 10:00
华润万象城感恩送豪礼活动,430,01/06/15 11:00
华润万象城感恩送豪礼活动,400,01/06/15 12:00
华润万象城感恩送豪礼活动,340,01/06/15 13:00
华润万象城感恩送豪礼活动,280,01/06/15 14:00
华润万象城感恩送豪礼活动,260,01/06/15 15:00
华润万象城感恩送豪礼活动,270,01/06/15 16:00
华润万象城感恩送豪礼活动,310,01/06/15 17:00
华润万象城感恩送豪礼活动,260,01/06/15 18:00
华润万象城感恩送豪礼活动,370,01/06/15 19:00
华润万象城感恩送豪礼活动,210,01/06/15 20:00
华润万象城感恩送豪礼活动,260,01/06/15 21:00
华润万象城感恩送豪礼活动,370,01/06/15 22:00
华润万象城感恩送豪礼活动,310,01/06/15 23:00
华润万象城感恩送豪礼活动,350,01/06/15 24:00
华润万象城迎国庆全场满200减30,100,01/06/15 00:00
华润万象城迎国庆全场满200减30,150,01/06/15 01:00
华润万象城迎国庆全场满200减30,350,01/06/15 02:00
华润万象城迎国庆全场满200减30,380,01/06/15 03:00
华润万象城迎国庆全场满200减30,220,01/06/15 04:00
华润万象城迎国庆全场满200减30,160,01/06/15 05:00
华润万象城迎国庆全场满200减30,170,01/06/15 06:00
华润万象城迎国庆全场满200减30,120,01/06/15 07:00
华润万象城迎国庆全场满200减30,170,01/06/15 08:00
华润万象城迎国庆全场满200减30,330,01/06/15 09:00
华润万象城迎国庆全场满200减30,400,01/06/15 10:00
华润万象城迎国庆全场满200减30,320,01/06/15 11:00
华润万象城迎国庆全场满200减30,260,01/06/15 12:00
华润万象城迎国庆全场满200减30,350,01/06/15 13:00
华润万象城迎国庆全场满200减30,400,01/06/15 14:00
华润万象城迎国庆全场满200减30,320,01/06/15 15:00
华润万象城迎国庆全场满200减30,260,01/06/15 16:00
华润万象城迎国庆全场满200减30,220,01/06/15 17:00
华润万象城迎国庆全场满200减30,160,01/06/15 18:00
华润万象城迎国庆全场满200减30,220,01/06/15 19:00
华润万象城迎国庆全场满200减30,100,01/06/15 20:00
华润万象城迎国庆全场满200减30,160,01/06/15 21:00
华润万象城迎国庆全场满200减30,220,01/06/15 22:00
华润万象城迎国庆全场满200减30,400,01/06/15 23:00
华润万象城迎国庆全场满200减30,300,01/06/15 24:00
华润万象城端午粽子免费试吃活动,100,01/06/15 00:00
华润万象城端午粽子免费试吃活动,150,01/06/15 01:00
华润万象城端午粽子免费试吃活动,350,01/06/15 02:00
华润万象城端午粽子免费试吃活动,380,01/06/15 03:00
华润万象城端午粽子免费试吃活动,220,01/06/15 04:00
华润万象城端午粽子免费试吃活动,160,01/06/15 05:00
华润万象城端午粽子免费试吃活动,170,01/06/15 06:00
华润万象城端午粽子免费试吃活动,120,01/06/15 07:00
华润万象城端午粽子免费试吃活动,170,01/06/15 08:00
华润万象城端午粽子免费试吃活动,330,01/06/15 09:00
华润万象城端午粽子免费试吃活动,400,01/06/15 10:00
华润万象城端午粽子免费试吃活动,320,01/06/15 11:00
华润万象城端午粽子免费试吃活动,260,01/06/15 12:00
华润万象城端午粽子免费试吃活动,350,01/06/15 13:00
华润万象城端午粽子免费试吃活动,400,01/06/15 14:00
华润万象城端午粽子免费试吃活动,320,01/06/15 15:00
华润万象城端午粽子免费试吃活动,260,01/06/15 16:00
华润万象城端午粽子免费试吃活动,220,01/06/15 17:00
华润万象城端午粽子免费试吃活动,160,01/06/15 18:00
华润万象城端午粽子免费试吃活动,220,01/06/15 19:00
华润万象城端午粽子免费试吃活动,100,01/06/15 20:00
华润万象城端午粽子免费试吃活动,160,01/06/15 21:00
华润万象城端午粽子免费试吃活动,220,01/06/15 22:00
华润万象城端午粽子免费试吃活动,400,01/06/15 23:00
华润万象城端午粽子免费试吃活动,300,01/06/15 24:00
华润万象城回馈老顾客积分翻倍活动,100,01/06/15 00:00
华润万象城回馈老顾客积分翻倍活动,150,01/06/15 01:00
华润万象城回馈老顾客积分翻倍活动,350,01/06/15 02:00
华润万象城回馈老顾客积分翻倍活动,380,01/06/15 03:00
华润万象城回馈老顾客积分翻倍活动,220,01/06/15 04:00
华润万象城回馈老顾客积分翻倍活动,160,01/06/15 05:00
华润万象城回馈老顾客积分翻倍活动,170,01/06/15 06:00
华润万象城回馈老顾客积分翻倍活动,120,01/06/15 07:00
华润万象城回馈老顾客积分翻倍活动,170,01/06/15 08:00
华润万象城回馈老顾客积分翻倍活动,330,01/06/15 09:00
华润万象城回馈老顾客积分翻倍活动,400,01/06/15 10:00
华润万象城回馈老顾客积分翻倍活动,320,01/06/15 11:00
华润万象城回馈老顾客积分翻倍活动,260,01/06/15 12:00
华润万象城回馈老顾客积分翻倍活动,350,01/06/15 13:00
华润万象城回馈老顾客积分翻倍活动,400,01/06/15 14:00
华润万象城回馈老顾客积分翻倍活动,320,01/06/15 15:00
华润万象城回馈老顾客积分翻倍活动,260,01/06/15 16:00
华润万象城回馈老顾客积分翻倍活动,220,01/06/15 17:00
华润万象城回馈老顾客积分翻倍活动,160,01/06/15 18:00
华润万象城回馈老顾客积分翻倍活动,220,01/06/15 19:00
华润万象城回馈老顾客积分翻倍活动,100,01/06/15 20:00
华润万象城回馈老顾客积分翻倍活动,160,01/06/15 21:00
华润万象城回馈老顾客积分翻倍活动,220,01/06/15 22:00
华润万象城回馈老顾客积分翻倍活动,300,01/06/15 23:00
华润万象城回馈老顾客积分翻倍活动,350,01/06/15 24:00